hashtags/0/name,hashtags/0/title,webVideoUrl,commentCount,diggCount,playCount,authorMeta/name,authorMeta/nickName,authorMeta/roomId
2,,https://www.tiktok.com/@marlenea23/video/6896285466358811906,99800,8200000,96400000,marlenea23,❤️💚🐰🦁❤️💚,
dog,,https://www.tiktok.com/@scottyhubs/video/6913956455297142022,37600,3600000,28500000,scottyhubs,Scott Hubbard,
제로투,"이번 역은 제로투, 제로투 챌린지역, 추천에 타실 분들은 빠른 탑승 부탁드립니다~ 🚉🚉
탑승시 흔들흔들🙆🏻‍♀️🙆🏻‍♀️ 필수!❤️‍🔥",https://www.tiktok.com/@ddllolol/video/7147556873556774145,2388,760300,8100000,ddllolol,loollollzima,
제로투,"이번 역은 제로투, 제로투 챌린지역, 추천에 타실 분들은 빠른 탑승 부탁드립니다~ 🚉🚉
탑승시 흔들흔들🙆🏻‍♀️🙆🏻‍♀️ 필수!❤️‍🔥",https://www.tiktok.com/@dancersona/video/6974297248993791234,1264,553200,9800000,dancersona,댄서소나,
제로투,"이번 역은 제로투, 제로투 챌린지역, 추천에 타실 분들은 빠른 탑승 부탁드립니다~ 🚉🚉
탑승시 흔들흔들🙆🏻‍♀️🙆🏻‍♀️ 필수!❤️‍🔥",https://www.tiktok.com/@angcherry/video/6982817200352611586,3620,302800,10100000,angcherry,앙체리 Angcherry,
제로투,"이번 역은 제로투, 제로투 챌린지역, 추천에 타실 분들은 빠른 탑승 부탁드립니다~ 🚉🚉
탑승시 흔들흔들🙆🏻‍♀️🙆🏻‍♀️ 필수!❤️‍🔥",https://www.tiktok.com/@dancersona/video/6974353127948438786,4977,295000,4000000,dancersona,댄서소나,
제로투,"이번 역은 제로투, 제로투 챌린지역, 추천에 타실 분들은 빠른 탑승 부탁드립니다~ 🚉🚉
탑승시 흔들흔들🙆🏻‍♀️🙆🏻‍♀️ 필수!❤️‍🔥",https://www.tiktok.com/@thisbabyslay_/video/6983327548251852033,2254,265700,1600000,thisbabyslay_,❤️‍🔥크리스쿠 CHRIS KOO❤️‍🔥,
친오빠,,https://www.tiktok.com/@jinsol_oh/video/6975486954716531969,1067,230200,1700000,jinsol_oh,솔이,
ilovemyjob,Love what you do? Wake up excited for work? Show us everything that makes your occupation amazing with #ILoveMyJob.,https://www.tiktok.com/@hogang119/video/6985447056609447170,4589,203100,4000000,hogang119,호갱구조대,
정상수,,https://www.tiktok.com/@ss2slee/video/7044477545861008641,2005,189500,2800000,ss2slee,SS2S Lee,
세쌍둥이임신,,https://www.tiktok.com/@enaschool/video/6980317389804047618,2453,189100,5400000,enaschool,에나스쿨,
,,https://www.tiktok.com/@hea_dli_/video/6973961205513800962,5020,183500,4400000,hea_dli_,고로켓🧀,
추천,,https://www.tiktok.com/@maha_genuine/video/6991160648008879362,638,153100,1200000,maha_genuine,🐎 하 진,
제로투,"이번 역은 제로투, 제로투 챌린지역, 추천에 타실 분들은 빠른 탑승 부탁드립니다~ 🚉🚉
탑승시 흔들흔들🙆🏻‍♀️🙆🏻‍♀️ 필수!❤️‍🔥",https://www.tiktok.com/@leehabi/video/7026657543015402754,0,295800,1800000,leehabi,이하비🌙,
ilovemyjob,Love what you do? Wake up excited for work? Show us everything that makes your occupation amazing with #ILoveMyJob.,https://www.tiktok.com/@hogang119/video/6981731597624167681,1574,143400,2600000,hogang119,호갱구조대,
zerotwo,,https://www.tiktok.com/@siiiirodeath_/video/6920570065800662273,1385,142800,1800000,siiiirodeath_,시로,
제로투,"이번 역은 제로투, 제로투 챌린지역, 추천에 타실 분들은 빠른 탑승 부탁드립니다~ 🚉🚉
탑승시 흔들흔들🙆🏻‍♀️🙆🏻‍♀️ 필수!❤️‍🔥",https://www.tiktok.com/@leesjae96/video/7004744511243029761,1916,134900,1800000,leesjae96,이승재,7.23969E+18
제로투,"이번 역은 제로투, 제로투 챌린지역, 추천에 타실 분들은 빠른 탑승 부탁드립니다~ 🚉🚉
탑승시 흔들흔들🙆🏻‍♀️🙆🏻‍♀️ 필수!❤️‍🔥",https://www.tiktok.com/@ddua21/video/6988663270521490690,1323,131000,2600000,ddua21,뚜아몬👻,
제로투,"이번 역은 제로투, 제로투 챌린지역, 추천에 타실 분들은 빠른 탑승 부탁드립니다~ 🚉🚉
탑승시 흔들흔들🙆🏻‍♀️🙆🏻‍♀️ 필수!❤️‍🔥",https://www.tiktok.com/@sisteryell/video/6992530745306713345,2526,120900,1900000,sisteryell,옐언니 SISTERYELL,
제로투,"이번 역은 제로투, 제로투 챌린지역, 추천에 타실 분들은 빠른 탑승 부탁드립니다~ 🚉🚉
탑승시 흔들흔들🙆🏻‍♀️🙆🏻‍♀️ 필수!❤️‍🔥",https://www.tiktok.com/@ss_ss_ss234/video/7237248353866648833,34,117600,1000000,ss_ss_ss234,여신모음,
